"nflId","position","displayName"
2539334,"CB","Desmond Trufant"
2539653,"CB","Robert Alford"
2543850,"SS","Ricardo Allen"
2555162,"MLB","Deion Jones"
2555255,"OLB","De'Vondre Campbell"
2555543,"FS","Keanu Neal"
2556445,"CB","Brian Poole"
2507763,"WR","Mike Wallace"
2532842,"QB","Nick Foles"
2540158,"TE","Zach Ertz"
2552582,"RB","Jay Ajayi"
2552600,"WR","Nelson Agholor"
2553502,"WR","DeAndre Carter"
2552301,"DE","Vic Beasley"
2506467,"RB","Darren Sproles"
2557967,"OLB","Duke Riley"
2558184,"SS","Damontae Kazee"
2560995,"TE","Dallas Goedert"
2559150,"RB","Corey Clement"
310,"QB","Matt Ryan"
2495454,"WR","Julio Jones"
2507828,"TE","Logan Paulsen"
2552453,"RB","Tevin Coleman"
2555415,"TE","Austin Hooper"
2558023,"TE","Eric Saubert"
79848,"SS","Malcolm Jenkins"
2534832,"FS","Rodney McLeod"
2552315,"MLB","Jordan Hicks"
2552689,"CB","Ronald Darby"
2555383,"CB","Jalen Mills"
2556363,"OLB","Kamu Grugier-Hill"
2558175,"LB","Nate Gerry"
2543583,"RB","Devonta Freeman"
2552418,"WR","Justin Hardy"
2557034,"WR","Marvin Hall"
2560854,"WR","Calvin Ridley"
2557958,"CB","Sidney Jones"
2533040,"WR","Mohamed Sanu"
2495613,"FS","Corey Graham"
2561132,"LB","Foye Oluokun"
2558258,"WR","Shelton Gibson"
2559033,"FB","Ricky Ortiz"
2559109,"CB","Deante Burton"
2539291,"WR","Markus Wheaton"
2558168,"CB","Rasul Douglas"
2555461,"RB","Wendell Smallwood"
79607,"RB","LeSean McCoy"
2495139,"TE","Charles Clay"
2495189,"WR","Jeremy Kerley"
2543471,"WR","Kelvin Benjamin"
2557863,"WR","Zay Jones"
2558191,"QB","Nathan Peterman"
4365,"CB","Brandon Carr"
2495775,"FS","Eric Weddle"
2540164,"SS","Tony Jefferson"
2543464,"ILB","C.J. Mosley"
2552279,"OLB","Za'Darius Smith"
2555378,"CB","Tavon Young"
2555505,"OLB","Matt Judon"
2558067,"CB","Marlon Humphrey"
2506268,"OLB","Lorenzo Alexander"
2539240,"SS","Micah Hyde"
2539290,"FS","Jordan Poyer"
2543851,"CB","Phillip Gaines"
2557867,"CB","Tre'Davious White"
2557969,"OLB","Matt Milano"
2560713,"LB","Tremaine Edmunds"
382,"QB","Joe Flacco"
71269,"WR","Michael Crabtree"
2543847,"WR","John Brown"
2552402,"TE","Nick Boyle"
2552468,"TE","Maxx Williams"
2555430,"RB","Alex Collins"
2560766,"CB","Taron Johnson"
2550256,"WR","Willie Snead"
2552631,"RB","Javorius Allen"
2560729,"WR","Robert Foster"
2505660,"OLB","Terrell Suggs"
2558990,"FB","Patrick Ricard"
2508004,"DB","Anthony Levine"
2555209,"WR","Chris Moore"
2495453,"WR","Andre Holmes"
2543767,"TE","Logan Thomas"
2559159,"TE","Jason Croom"
2556642,"ILB","Patrick Onwuasor"
2558248,"FS","Chuck Clark"
2507817,"SS","Rafael Bush"
2557841,"OLB","Tim Williams"
2560947,"LB","Kenny Young"
2552647,"RB","Marcus Murphy"
2558166,"OLB","Tyus Bowser"
2560957,"TE","Mark Andrews"
2507999,"RB","Chris Ivory"
2560955,"QB","Josh Allen"
2555229,"RB","Kenneth Dixon"
2560757,"QB","Lamar Jackson"
2561485,"WR","Janarion Grant"
2560963,"CB","Anthony Averett"
2555178,"CB","Maurice Canady"
2561301,"LB","Chris Board"
2506109,"QB","Ben Roethlisberger"
2508061,"WR","Antonio Brown"
2540151,"WR","Justin Hunter"
2552633,"TE","Jesse James"
2557978,"RB","James Conner"
2558149,"WR","JuJu Smith-Schuster"
2539311,"OLB","Jamie Collins"
2543637,"CB","Terrance Mitchell"
2552389,"CB","Damarious Randall"
2555166,"MLB","Joe Schobert"
2555540,"SS","Derrick Kindred"
2556475,"CB","Briean Boddy-Calhoun"
2560916,"CB","Denzel Ward"
2560920,"WR","James Washington"
2560964,"LB","Genard Avery"
496727,"SS","Morgan Burnett"
496733,"CB","Joe Haden"
2539978,"ILB","Jon Bostic"
2540221,"ILB","Vince Williams"
2552289,"OLB","Bud Dupree"
2555344,"CB","Artie Burns"
2555386,"SS","Sean Davis"
2556559,"CB","Mike Hilton"
2558064,"OLB","T.J. Watt"
2495240,"QB","Tyrod Taylor"
2537931,"WR","Josh Gordon"
2540928,"TE","Darren Fells"
2543488,"WR","Jarvis Landry"
2543743,"RB","Carlos Hyde"
2557986,"TE","David Njoku"
2552461,"RB","Duke Johnson"
2555468,"WR","Rashard Higgins"
2560712,"S","Terrell Edmunds"
2550235,"FB","Roosevelt Nix"
2550521,"TE","Xavier Grimble"
2543720,"OLB","Christian Kirksey"
2557980,"FS","Jabrill Peppers"
2560988,"WR","Antonio Callaway"
2552266,"OLB","Anthony Chickillo"
2561021,"RB","Nick Chubb"
2557960,"WR","Ryan Switzer"
2558849,"CB","Cameron Sutton"
2556365,"TE","Seth DeValve"
2550164,"CB","T.J. Carrie"
2561470,"WR","Derrick Willies"
2533060,"CB","Dre Kirkpatrick"
2543814,"MLB","Preston Brown"
2555355,"FS","Clayton Fejedelem"
2555528,"OLB","Nick Vigil"
2556367,"CB","William Jackson"
2558801,"OLB","Jordan Evans"
2560970,"S","Jessie Bates"
2532865,"WR","T.Y. Hilton"
2533031,"QB","Andrew Luck"
2540232,"TE","Jack Doyle"
2543466,"TE","Eric Ebron"
2543759,"WR","Ryan Grant"
2560933,"RB","Jordan Wilkins"
2543474,"CB","Darqueze Dennard"
2556396,"WR","Chester Rogers"
2558877,"WR","Zach Pascal"
2560742,"RB","Nyheim Hines"
2495143,"QB","Andy Dalton"
2495450,"WR","A.J. Green"
2540148,"TE","Tyler Eifert"
2540156,"HB","Giovani Bernard"
2555466,"WR","Tyler Boyd"
2558010,"WR","John Ross"
2552386,"FS","Clayton Geathers"
2556429,"SS","Matthias Farley"
2557961,"CB","Quincy Wilson"
2558108,"CB","Nate Hairston"
2558851,"ILB","Anthony Walker"
2558976,"CB","Kenny Moore II"
2560789,"LB","Darius Leonard"
2552586,"TE","Tyler Kroft"
2550405,"TE","Erik Swoope"
2552559,"TE","C.J. Uzomah"
2557976,"HB","Joe Mixon"
2558060,"FS","Malik Hooker"
2560816,"ILB","Skai Moore"
2539233,"SS","Shawn Williams"
2561155,"ILB","Zaire Franklin"
2558982,"MLB","Hardy Nickerson"
2556493,"RB","Tra Carson"
2533016,"OLB","Najee Goode"
2558127,"WR","Josh Malone"
2556519,"WR","Alex Erickson"
2354,"ILB","Wesley Woodyard"
71423,"OLB","Brian Orakpo"
2539320,"SS","Kenny Vaccaro"
2540162,"CB","Logan Ryan"
2550613,"CB","Malcolm Butler"
2555158,"FS","Kevin Byard"
2555320,"OLB","Aaron Wallace"
2558005,"ILB","Jayon Brown"
2558065,"CB","Adoree' Jackson"
2649,"WR","Danny Amendola"
2532956,"QB","Ryan Tannehill"
2540202,"WR","Kenny Stills"
2555230,"RB","Kenyan Drake"
2556190,"WR","Jakeem Grant"
2560994,"TE","Mike Gesicki"
2495469,"RB","Dion Lewis"
2495966,"TE","Delanie Walker"
2532903,"WR","Rishard Matthews"
2552466,"QB","Marcus Mariota"
2555317,"WR","Tajae Sharpe"
2557848,"WR","Corey Davis"
496739,"SS","Reshad Jones"
2539309,"SS","T.J. McDonald"
2539935,"OLB","Kiko Alonso"
2552434,"CB","Bobby McCain"
2555539,"CB","Xavien Howard"
2558070,"LB","Raekwon McMillan"
2560725,"S","Minkah Fitzpatrick"
2555339,"ILB","Kamalei Correa"
2561328,"OLB","Sharif Finch"
2552580,"TE","A.J. Derby"
2550272,"WR","Albert Wilson"
496828,"OLB","Derrick Morgan"
2541539,"ILB","Daren Bates"
2555551,"CB","LeShaun Sims"
2506404,"RB","Frank Gore"
2540013,"ILB","Will Compton"
2560880,"TE","Durham Smythe"
2556075,"RB","Derrick Henry"
2558207,"TE","Jonnu Smith"
2495441,"QB","Blaine Gabbert"
2557870,"WR","Taywan Taylor"
2495234,"TE","Luke Stocker"
2560966,"LB","Jerome Baker"
2559043,"OLB","Chase Allen"
2553896,"WR","Darius Jennings"
2559053,"CB","Torry McTyer"
496735,"CB","Kareem Jackson"
2495872,"CB","Johnathan Joseph"
2533049,"OLB","Whitney Mercilus"
2540180,"FS","Tyrann Mathieu"
2543501,"CB","Aaron Colvin"
2552261,"CB","Kevin Johnson"
2558094,"ILB","Zach Cunningham"
2560851,"SS","Justin Reid"
497240,"TE","Rob Gronkowski"
2504211,"QB","Tom Brady"
2530515,"WR","Chris Hogan"
2539265,"RB","Rex Burkhead"
2543773,"RB","James White"
2552424,"WR","Phillip Dorsett"
2552490,"ILB","Benardrick McKinney"
2533046,"TE","Dwayne Allen"
2533034,"RB","Lamar Miller"
2540165,"WR","DeAndre Hopkins"
2543646,"WR","Bruce Ellington"
2558063,"QB","Deshaun Watson"
2560896,"TE","Jordan Thomas"
2561427,"WR","Vyncint Smith"
71251,"SS","Patrick Chung"
494287,"FS","Devin McCourty"
2533057,"MLB","Dont'a Hightower"
2533062,"CB","Stephon Gilmore"
2552255,"CB","Eric Rowe"
2556119,"MLB","Elandon Roberts"
2556571,"CB","Jonathan Jones"
2560951,"TE","Jordan Akins"
2541243,"FS","Duron Harmon"
2543699,"OLB","Kyle Van Noy"
2541316,"TE","Ryan Griffin"
2561143,"LB","Ja'Whaun Bentley"
2559211,"WR","Riley McCarron"
2508101,"FB","James Develin"
2543603,"RB","Jeremy Hill"
2552470,"WR","Sammie Coates"
2559152,"ILB","Dylan Cole"
2555234,"RB","Tyler Ervin"
2540145,"WR","Cordarrelle Patterson"
2543600,"RB","Alfred Blue"
89756,"CB","Jason McCourty"
2506581,"QB","Ryan Fitzpatrick"
2543468,"WR","Mike Evans"
2550656,"TE","Cameron Brate"
2556466,"RB","Peyton Barber"
2557856,"TE","O.J. Howard"
2558105,"WR","Chris Godwin"
494261,"SS","Kurt Coleman"
2533008,"ILB","Demario Davis"
2555530,"FS","Vonn Bell"
2556735,"CB","Ken Crawley"
2558061,"CB","Marshon Lattimore"
2558163,"OLB","Alex Anzalone"
2558847,"FS","Marcus Williams"
2495471,"RB","Jacquizz Rodgers"
2553895,"WR","Adam Humphries"
2508084,"CB","Patrick Robinson"
1581,"WR","DeSean Jackson"
2495272,"SS","Chris Conte"
2532828,"OLB","Lavonte David"
2550565,"MLB","Adarius Taylor"
2552592,"MLB","Kwon Alexander"
2555299,"CB","Vernon Hargreaves III"
2557945,"SS","Justin Evans"
2560884,"CB","M.J. Stewart"
2504775,"QB","Drew Brees"
2539303,"FB","Zach Line"
2541834,"TE","Josh Hill"
2556370,"WR","Michael Thomas"
2558019,"RB","Alvin Kamara"
2560878,"WR","Tre'Quan Smith"
2555552,"CB","Ryan Smith"
2506122,"TE","Benjamin Watson"
2507166,"WR","Ted Ginn"
2558928,"WR","Austin Carr"
2561039,"CB","Carlton Davis"
2550223,"WR","Freddie Martino"
2556508,"TE","Alan Cross"
2559044,"TE","Antony Auclair"
2539277,"MLB","Manti Te'o"
2539982,"OLB","A.J. Klein"
2556752,"WR","Tommylee Lewis"
2539663,"RB","Mike Gillislee"
2555227,"RB","Jonathan Williams"
2495211,"TE","Niles Paul"
2543477,"QB","Blake Bortles"
2543683,"TE","Austin Seferian-Jenkins"
2553318,"TE","James O'Shaughnessy"
2557973,"RB","Leonard Fournette"
2561018,"WR","D.J. Chark"
71197,"OLB","Connor Barwin"
2532875,"CB","Janoris Jenkins"
2540143,"LB","Alec Ogletree"
2543738,"OLB","Kareem Martin"
2552454,"SS","Landon Collins"
2555277,"CB","Eli Apple"
2555522,"ILB","B.J. Goodson"
2543614,"WR","Donte Moncrief"
2552471,"RB","T.J. Yeldon"
2557895,"WR","Dede Westbrook"
2559153,"WR","Keelan Cole"
2539338,"CB","B.W. Webb"
2541792,"OLB","Ray-Ray Armstrong"
2553822,"FS","Curtis Riley"
2561015,"OLB","Lorenzo Carter"
2535687,"SS","Michael Thomas"
494259,"SS","Barry Church"
2532848,"FS","Tashaun Gipson"
2539237,"CB","D.J. Hayden"
2539662,"DE","Lerentee McCray"
2541162,"CB","A.J. Bouye"
2543711,"OLB","Telvin Smith"
2555280,"CB","Jalen Ramsey"
2555329,"OLB","Myles Jack"
2505996,"QB","Eli Manning"
2543496,"WR","Odell Beckham Jr."
2543590,"WR","Cody Latimer"
2555295,"WR","Sterling Shepard"
2557858,"TE","Evan Engram"
2557952,"RB","Wayne Gallman"
2532835,"TE","Rhett Ellison"
2540225,"FB","Tommy Bohanon"
2560968,"RB","Saquon Barkley"
2560758,"LB","Leon Jacobs"
2550599,"TE","Scott Simonson"
2561008,"DB","Ronnie Harrison"
949,"RB","Jonathan Stewart"
2559254,"FB","Shane Smith"
2553650,"RB","Corey Grant"
2556711,"SS","Jarrod Wilson"
2506340,"QB","Alex Smith"
2540011,"RB","Chris Thompson"
2540160,"TE","Jordan Reed"
2543491,"WR","Paul Richardson"
2552415,"WR","Jamison Crowder"
2555343,"WR","Josh Doctson"
2495504,"CB","Patrick Peterson"
2495807,"FS","Antoine Bethea"
2539932,"CB","Jamar Taylor"
2543769,"ILB","Deone Bucannon"
2543830,"FS","Tre Boston"
2557887,"ILB","Haason Reddick"
2558009,"FS","Budda Baker"
2507164,"RB","Adrian Peterson"
2530491,"ILB","Josh Bynes"
2495826,"TE","Vernon Davis"
2495190,"OLB","Ryan Kerrigan"
2495281,"ILB","Mason Foster"
2532804,"ILB","Zach Brown"
2532920,"CB","Josh Norman"
2539943,"FS","D.J. Swearinger"
2552276,"OLB","Preston Smith"
2553796,"CB","Quinton Dunbar"
2558133,"FS","Montae Nicholson"
2558136,"CB","Fabian Moreau"
497095,"QB","Sam Bradford"
2506106,"WR","Larry Fitzgerald"
2553435,"RB","David Johnson"
2558208,"WR","Chad Williams"
2559248,"TE","Ricky Seals-Jones"
2560781,"WR","Christian Kirk"
2557880,"ILB","Josh Harvey-Clemons"
2557886,"TE","Jeremy Sprinkle"
2560711,"RB","Chase Edmonds"
2556414,"RB","Rob Kelley"
2495201,"OLB","Pernell McPhee"
2557853,"OLB","Ryan Anderson"
2553658,"TE","Gabe Holmes"
2553687,"MLB","Zach Vigil"
2560886,"DB","Greg Stroman"
2558174,"S","Rudy Ford"
2534436,"WR","Deonte Thompson"
2539336,"WR","Tavon Austin"
2553454,"TE","Geoff Swaim"
2553743,"RB","Rod Smith"
2555224,"RB","Ezekiel Elliott"
2555260,"QB","Dak Prescott"
80668,"CB","Captain Munnerlyn"
2495339,"SS","Da'Norris Searcy"
2505708,"FS","Mike Adams"
2533056,"MLB","Luke Kuechly"
2552447,"OLB","Shaq Thompson"
2555175,"CB","James Bradberry"
2560753,"CB","Donte Jackson"
496937,"ILB","Sean Lee"
2541832,"SS","Jeff Heath"
2552568,"CB","Byron Jones"
2555531,"CB","Anthony Brown"
2555536,"SS","Kavon Frazier"
2557840,"CB","Chidobe Awuzie"
2560908,"LB","Leighton Vander Esch"
2495455,"QB","Cam Newton"
2495459,"WR","Torrey Smith"
2532978,"WR","Jarius Wright"
2552458,"WR","Devin Funchess"
2557997,"RB","Christian McCaffrey"
2560894,"TE","Ian Thomas"
2535698,"WR","Cole Beasley"
2550353,"WR","Allen Hurns"
2560735,"WR","Michael Gallup"
2559193,"TE","Blake Jarwin"
2552686,"OLB","Damien Wilson"
2555310,"MLB","Jaylon Smith"
2552622,"TE","Chris Manhertz"
2558833,"RB","Alex Armah"
2560813,"WR","D.J. Moore"
2550262,"ILB","Joe Thomas"
2539205,"WR","Terrance Williams"
2553441,"MLB","David Mayo"
2495700,"TE","Greg Olsen"
2553815,"OLB","Justin March"
2540269,"RB","C.J. Anderson"
2499257,"FS","Colin Jones"
2560866,"TE","Dalton Schultz"
2536044,"FB","Jamize Olawale"
2495108,"CB","Prince Amukamara"
2532961,"ILB","Danny Trevathan"
2543681,"CB","Kyle Fuller"
2552385,"FS","Adrian Amos"
2553500,"CB","Bryce Callahan"
2555288,"ILB","Nick Kwiatkoski"
2558176,"FS","Eddie Jackson"
2495187,"TE","Lance Kendricks"
2495448,"WR","Randall Cobb"
2506363,"QB","Aaron Rodgers"
2543495,"WR","Davante Adams"
2552429,"RB","Ty Montgomery"
2556460,"WR","Geronimo Allison"
497236,"TE","Jimmy Graham"
2560907,"WR","Marquez Valdes-Scantling"
2555285,"OLB","Leonard Floyd"
2558204,"RB","Jamaal Williams"
2540200,"TE","Dion Sims"
2543509,"WR","Allen Robinson"
2550284,"TE","Trey Burton"
2550617,"WR","Taylor Gabriel"
2555418,"RB","Jordan Howard"
2558008,"QB","Mitchell Trubisky"
80431,"OLB","Clay Matthews"
2506789,"CB","Tramon Williams"
2543470,"FS","Ha Ha Clinton-Dix"
2552697,"FS","Jermaine Whitehead"
2555161,"ILB","Blake Martinez"
2556480,"SS","Kentrell Brice"
2556537,"LB","Reggie Gilbert"
2557996,"CB","Kevin King"
2560755,"CB","Josh Jackson"
2560810,"WR","Anthony Miller"
2533048,"OLB","Nick Perry"
2560952,"CB","Jaire Alexander"
2558250,"RB","Tarik Cohen"
2557983,"QB","DeShone Kizer"
2560877,"LB","Roquan Smith"
494289,"CB","Sherrick McManis"
2556478,"TE","Ben Braunecker"
2555160,"ILB","Antonio Morrison"
2553432,"WR","Kevin White"
2552636,"FB","Michael Burton"
2555340,"OLB","Kyler Fackrell"
2552489,"NT","Eddie Goldman"
2495101,"OLB","Sam Acho"
2541202,"CB","Marcus Cooper"
2495888,"TE","Marcedes Lewis"
2495343,"CB","Buster Skrine"
2532877,"CB","Trumaine Johnson"
2533059,"CB","Morris Claiborne"
2543597,"ILB","Avery Williamson"
2555256,"OLB","Jordan Jenkins"
2555322,"ILB","Darron Lee"
2556617,"S","Doug Middleton"
2557979,"SS","Jamal Adams"
79860,"QB","Matthew Stafford"
497326,"WR","Golden Tate"
2532884,"WR","Marvin Jones"
2558049,"TE","Michael Roberts"
2558052,"WR","Kenny Golladay"
2560765,"RB","Kerryon Johnson"
2540020,"RB","Theo Riddick"
2541199,"TE","Luke Willson"
2540203,"TE","Levine Toilolo"
2561366,"LB","Frankie Luvu"
2543836,"WR","T.J. Jones"
2553353,"CB","Darryl Roberts"
2556453,"TE","Hakeem Valles"
2540219,"FS","J.J. Wilcox"
2552486,"DE","Leonard Williams"
2543828,"WR","Quincy Enunwa"
2550189,"RB","Isaiah Crowell"
2553451,"TE","Neal Sterling"
2553744,"TE","Eric Tomlinson"
2556462,"WR","Robby Anderson"
2561036,"QB","Sam Darnold"
71441,"FS","Glover Quin"
2534830,"SS","Tavon Wilson"
2540288,"CB","Darius Slay"
2543869,"OLB","Devon Kennard"
2543872,"CB","Nevin Lawson"
2550572,"ILB","Christian Jones"
2552262,"SS","Quandre Diggs"
2557924,"OLB","Jalen Reeves-Maybin"
2531332,"WR","Terrelle Pryor"
2558821,"CB","Jamal Agnew"
2557855,"MLB","Jarrad Davis"
2560738,"TE","Chris Herndon"
2552494,"DE","Eli Harold"
497149,"RB","LeGarrette Blount"
2495328,"RB","Bilal Powell"
2560822,"CB","Parry Nickerson"
2495262,"FB","Nick Bellore"
2553657,"OLB","Neville Hewitt"
2506562,"QB","Matt Cassel"
2549896,"OLB","Marquis Flowers"
2553725,"WR","Bradley Marquez"
497320,"WR","Andre Roberts"
2555477,"WR","Charone Peake"
2557885,"TE","Jordan Leggett"
2561137,"RB","Trenton Cannon"
2557955,"CB","Teez Tabor"
1302,"CB","Aqib Talib"
2540197,"CB","Nickell Robey-Coleman"
2543492,"FS","Lamarcus Joyner"
2552488,"CB","Marcus Peters"
2556277,"SS","Marqui Christian"
2556593,"ILB","Cory Littleton"
2558183,"SS","John Johnson"
2558830,"OLB","Samson Ebukam"
1032,"WR","Jordy Nelson"
71265,"TE","Jared Cook"
2495663,"RB","Marshawn Lynch"
2543499,"QB","Derek Carr"
2550597,"WR","Seth Roberts"
2552487,"WR","Amari Cooper"
2540169,"WR","Robert Woods"
2543498,"WR","Brandin Cooks"
2552475,"RB","Todd Gurley"
2555334,"QB","Jared Goff"
2555364,"TE","Tyler Higbee"
2557898,"WR","Cooper Kupp"
2495153,"FS","Marcus Gilchrist"
2495617,"CB","Leon Hall"
2506353,"ILB","Derrick Johnson"
2507167,"FS","Reggie Nelson"
2532986,"OLB","Tahir Whitehead"
2541200,"CB","Rashaan Melvin"
2558062,"CB","Gareon Conley"
2543487,"OLB","Dominique Easley"
2552320,"ILB","Ramik Wilson"
2534241,"TE","Derek Carrier"
2556885,"RB","Jalen Richard"
2553722,"OLB","Matt Longacre"
2532899,"RB","Doug Martin"
306,"CB","Dominique Rodgers-Cromartie"
2557889,"TE","Gerald Everett"
2558194,"WR","Josh Reynolds"
2557972,"MLB","Marquel Lee"
2552382,"RB","Malcolm Brown"
2555294,"LB","Shilique Calhoun"
2558875,"TE","Johnny Mundt"
2536032,"OLB","Emmanuel Lamur"
2555342,"SS","Karl Joseph"
2550400,"FB","Keith Smith"
2556817,"CB","Tony McRae"
2560745,"DE","Sam Hubbard"
2552392,"SS","Jordan Richards"
2559924,"RB","Ito Smith"
2561009,"DE","Marquis Haynes"
2560775,"DB","Rashaan Gaulden"
2539219,"CB","Blidi Wreh-Wilson"
2558171,"CB","Corn Elder"
2534741,"FS","Keith Tandy"
2495288,"TE","Virgil Green"
2506121,"QB","Philip Rivers"
2552469,"RB","Melvin Gordon"
2555220,"FB","Derek Watt"
2558846,"WR","Mike Williams"
2559161,"TE","Sean Culkin"
79901,"CB","Vontae Davis"
2505299,"TE","Antonio Gates"
2540154,"WR","Keenan Allen"
2553913,"WR","Tyrell Williams"
2532861,"CB","Casey Hayward"
2541958,"SS","Jahleel Addae"
2552310,"ILB","Denzel Perryman"
2556828,"CB","Trevor Williams"
2557927,"CB","Desmond King"
2560760,"SS","Derwin James"
2560928,"LB","Kyzir White"
2559169,"RB","Austin Ekeler"
2550842,"SS","Adrian Phillips"
2556148,"OLB","Jatavis Brown"
2560826,"LB","Uchenna Nwosu"
2558182,"SS","Rayshawn Jenkins"
2552296,"OLB","Kyle Emanuel"
2530763,"FB","Patrick DiMarco"
2507644,"OLB","Ramon Humber"
2556652,"CB","Lafayette Pitts"
2552654,"WR","Geremy Davis"
2561358,"WR","J.J. Jones"
2561382,"RB","Detrez Newsome"
2560818,"DB","Siran Neal"
2495438,"TE","Kyle Rudolph"
2532820,"QB","Kirk Cousins"
2541161,"RB","Latavius Murray"
2541785,"WR","Adam Thielen"
2555306,"TE","David Morgan"
2561027,"TE","Tyler Conklin"
2552608,"WR","Stefon Diggs"
2555214,"WR","Laquon Treadwell"
2534567,"MLB","Korey Toomer"
2525323,"SS","Andrew Sendejo"
2532948,"FS","Harrison Smith"
2540155,"CB","Xavier Rhodes"
2543459,"OLB","Anthony Barr"
2552312,"MLB","Eric Kendricks"
2552448,"CB","Trae Waynes"
2555177,"CB","Mackensie Alexander"
2557991,"RB","Dalvin Cook"
2556803,"FB","C.J. Ham"
2495170,"CB","Davon House"
2558033,"OLB","Ben Gedeon"
2555156,"SS","Jayron Kearse"
2557896,"WR","Stacy Coley"
2560746,"CB","Mike Hughes"
2560243,"WR","Brandon Zylstra"
2556489,"OLB","James Burgess"
2533047,"TE","Orson Charles"
2552484,"CB","P.J. Williams"
2532887,"WR","Jermaine Kearse"
2540258,"TE","Travis Kelce"
2543457,"WR","Sammy Watkins"
2552652,"WR","Chris Conley"
2556214,"WR","Tyreek Hill"
2557917,"RB","Kareem Hunt"
2558125,"QB","Patrick Mahomes"
2532946,"CB","Coty Sensabaugh"
2307,"CB","Orlando Scandrick"
2495493,"DE","Justin Houston"
2530794,"FS","Ron Parker"
2543592,"MLB","Anthony Hitchens"
2552265,"CB","Steven Nelson"
2555169,"ILB","Reggie Ragland"
2555173,"FS","Eric Murray"
2555349,"CB","Kendall Fuller"
2560881,"LB","Breeland Speaks"
2560921,"DB","Armani Watts"
2540215,"TE","Vance McDonald"
2556775,"ILB","Terrance Smith"
2495340,"FB","Anthony Sherman"
2541187,"TE","Demetrius Harris"
2561103,"WR","Tremon Smith"
2558185,"DE","Tanoh Kpassagnon"
80427,"WR","Darrius Heyward-Bey"
2540204,"RB","Spencer Ware"
2550512,"RB","Damien Williams"
2555478,"WR","Demarcus Robinson"
2543638,"WR","De'Anthony Thomas"
2495470,"RB","Stevan Ridley"
2560827,"LB","Dorian O'Daniel"
2530660,"WR","Kamar Aiken"
2532800,"OLB","Nigel Bradham"
2556444,"TE","Josh Perkins"
2556934,"CB","Javien Elliott"
2560930,"DB","Jordan Whitehead"
2550605,"CB","Marcus Williams"
2561291,"RB","Shaun Wilson"
2555346,"WR","Will Fuller"
2560784,"OLB","Harold Landry"
2560714,"LB","Duke Ejiofor"
2558942,"TE","Anthony Firkser"
2556673,"OLB","Brennan Scarlett"
1037347,"QB","Joe Webb"
2495251,"CB","Shareece Wright"
2535693,"CB","Johnson Bademosi"
2552730,"ILB","Brian Peters"
2560759,"DB","Natrell Jamerson"
2560774,"LB","Peter Kalambayi"
2561344,"RB","Buddy Howell"
2561538,"DB","A.J. Moore"
4263,"P","Brett Kern"
2535701,"LS","Beau Brinkley"
2541756,"FS","Brynden Trawick"
2561033,"DB","Dane Cruikshank"
2543811,"CB","Pierre Desir"
2558123,"RB","Marlon Mack"
2550206,"TE","Ryan Hewitt"
2556855,"WR","Marcus Johnson"
2557866,"WR","Jehu Chesson"
2532933,"WR","Brian Quick"
1037374,"CB","Sam Shields"
2539293,"ILB","Gerald Hodges"
2543855,"CB","Bene' Benwikere"
2552656,"WR","J.J. Nelson"
2552307,"ILB","Bryce Hager"
2553536,"CB","Troy Hill"
2556374,"SS","Blake Countess"
2553545,"DB","Isaiah Johnson"
2346,"WR","Pierre Garcon"
2534820,"TE","Garrett Celek"
2543801,"QB","Jimmy Garoppolo"
2558266,"TE","George Kittle"
2558918,"RB","Matt Breida"
2560836,"WR","Dante Pettis"
2558202,"WR","Trent Taylor"
2558914,"WR","Kendrick Bourne"
2495507,"CB","Richard Sherman"
2550654,"CB","K'Waun Williams"
2552391,"FS","Jaquiski Tartt"
2558121,"LB","Elijah Lee"
2558157,"CB","Ahkello Witherspoon"
2558857,"FS","Adrian Colbert"
2560917,"LB","Fred Warner"
2533457,"RB","Alfred Morris"
2560761,"WR","Richie James"
2540230,"FB","Kyle Juszczyk"
2552684,"MLB","Mark Nzeocha"
2560913,"DB","Tracy Walker"
2543741,"FS","Jimmie Ward"
2556641,"DE","Romeo Okwara"
2556708,"TE","Cole Wick"
2543680,"FS","Antone Exum"
494307,"FS","Darian Stewart"
2495202,"OLB","Von Miller"
2530510,"CB","Chris Harris"
2532898,"ILB","Brandon Marshall"
2543505,"CB","Bradley Roby"
2550930,"ILB","Todd Davis"
2555550,"SS","Justin Simmons"
497322,"WR","Emmanuel Sanders"
497328,"WR","Demaryius Thomas"
2532888,"QB","Case Keenum"
2552399,"TE","Jeff Heuerman"
2560733,"RB","Royce Freeman"
2560888,"WR","Courtland Sutton"
2555568,"SS","Erik Harris"
2555223,"RB","Devontae Booker"
2557859,"TE","Jake Butt"
2559947,"RB","Phillip Lindsay"
2543572,"WR","Martavis Bryant"
2506345,"CB","Adam Jones"
2555432,"RB","Andy Janovich"
2550541,"OLB","Shaquil Barrett"
2560763,"LB","Josey Jewell"
2507917,"CB","Tramaine Brock"
2558985,"WR","Tim Patrick"
2561002,"WR","DaeSean Hamilton"
2495347,"TE","Lee Smith"
497302,"WR","Brandon LaFell"
2556278,"FS","Will Parks"
2532871,"LB","Bruce Irvin"
2552271,"DE","Geneo Grissom"
2558956,"TE","Jacob Hollister"
2550659,"CB","Tyler Patmon"
2555421,"DE","Yannick Ngakoue"
2556454,"RB","Brandon Wilds"
2560809,"RB","Sony Michel"
2556375,"TE","Rico Gathers"
2556512,"CB","Donte' Deayon"
2557920,"CB","Jourdan Lewis"
2541944,"WR","Russell Shepard"
2552605,"FS","Ibraheim Campbell"
2495893,"WR","Brandon Marshall"
2532975,"QB","Russell Wilson"
2541966,"WR","Jaron Brown"
2552430,"WR","Tyler Lockett"
2555289,"TE","Nick Vannett"
2558865,"RB","Chris Carson"
2508080,"FS","Earl Thomas"
2539243,"SS","Bradley McDougald"
2553456,"CB","Akeem King"
2553637,"CB","Justin Coleman"
2557881,"FS","Tedric Thompson"
2558259,"CB","Shaquill Griffin"
2558925,"LB","Austin Calitro"
2560835,"RB","Rashaad Penny"
2561046,"TE","Will Dissly"
2532890,"OLB","Mychal Kendricks"
2540140,"OLB","Barkevious Mingo"
2552629,"DE","Frank Clark"
2556603,"FB","Tre Madden"
2558856,"WR","David Moore"
2555417,"RB","C.J. Prosise"
2553439,"RB","Mike Davis"
2535964,"WR","Josh Bellamy"
2555356,"WR","Keenan Reynolds"
2560800,"QB","Baker Mayfield"
2560830,"CB","Isaiah Oliver"
2553568,"WR","Cameron Meredith"
2558954,"QB","Taysom Hill"
2561061,"WR","Russell Gage"
2560946,"DB","Isaac Yiadom"
496814,"OLB","Albert McClellan"
2539937,"SS","Shamarko Thomas"
2560915,"HB","Mark Walton"
2561093,"LB","Jermaine Carter"
2555331,"WR","Cody Core"
2556762,"RB","Elijhaa Penny"
2561017,"DB","Sean Chandler"
2543456,"DE","Jadeveon Clowney"
2495488,"DE","J.J. Watt"
2560718,"LB","Rashaan Evans"
2561340,"CB","Tre Herndon"
2552401,"TE","MyCole Pruitt"
2556798,"CB","Kenneth Durden"
2539964,"WR","Marquise Goodwin"
2499278,"OLB","Malcolm Smith"
2557837,"OLB","Reuben Foster"
2560850,"DB","D.J. Reed"
2559076,"WR","Marcus Kemp"
2543494,"DE","Dee Ford"
2561117,"DB","Tarvarius Moore"
2553728,"RB","Raheem Mostert"
2552409,"WR","DeVante Parker"
2495159,"WR","Dwayne Harris"
2559054,"ILB","Nicholas Morrow"
2553552,"TE","Khari Lee"
2559208,"CB","Ryan Lewis"
2560801,"WR","Ray-Ray McCloud"
2561099,"RB","Mike Boone"
2495331,"WR","Aldrick Robinson"
2559012,"OLB","Eric Wilson"
2543500,"WR","Jordan Matthews"
2555259,"QB","Carson Wentz"
2560949,"RB","Josh Adams"
2555261,"QB","Jacoby Brissett"
2558116,"RB","Aaron Jones"
2553710,"SS","Deshazor Everett"
2507232,"K","Mason Crosby"
2560868,"P","J.K. Scott"
2561156,"LS","Hunter Bradley"
2560764,"DB","Danny Johnson"
2560984,"LB","Oren Burks"
2559164,"CB","Michael Davis"
2541544,"RB","Benny Cunningham"
497238,"TE","Jermaine Gresham"
2534871,"FB","Derrick Coleman"
2560901,"DB","Kevin Toliver"
2560858,"QB","Josh Rosen"
2532966,"MLB","Bobby Wagner"
2560728,"CB","Tre Flowers"
2558159,"FS","Xavier Woods"
2560754,"DB","J.C. Jackson"
2561157,"DB","Keion Crossen"
2555380,"CB","Cyrus Jones"
2535609,"CB","DeShawn Shead"
2506861,"CB","Brent Grimes"
2543643,"SS","Nat Berhe"
2556567,"S","Isaiah Johnson"
2560741,"CB","Holton Hill"
2530852,"LS","Jake McQuaide"
2535663,"P","Johnny Hekker"
2560782,"LB","Micah Kiser"
2561653,"WR","KhaDarel Hodge"
2560898,"RB","Roc Thomas"
2560770,"RB","Ronald Jones"
81284,"QB","Chase Daniel"
2552033,"QB","Jameis Winston"
2553774,"OLB","Cameron Lynch"
2560051,"WR","Justin Watson"
2555155,"SS","Deon Bush"
2555381,"FS","DeAndre Houston-Carson"
2560939,"WR","Javon Wims"
2560750,"LB","Joel Iyiegbuniwe"
2556588,"DE","Eric Lee"
2560814,"WR","J'Mon Moore"
2560982,"CB","Tony Brown"
2495467,"RB","Taiwan Jones"
2561029,"WR","Keke Coutee"
2558832,"TE","Mo Alie-Cox"
2556394,"CB","Chris Milton"
2557995,"FS","Marcus Maye"
2541864,"OLB","Josh Martin"
744,"DE","Calais Campbell"
2532873,"DT","Malik Jackson"
2553431,"OLB","Dante Fowler Jr."
2543563,"ILB","Kevin Pierre-Louis"
2559058,"S","Maurice Smith"
2539289,"RB","Kenjon Barner"
2543724,"CB","Walt Aikens"
2533436,"QB","Brock Osweiler"
2556542,"LB","Nicholas Grigsby"
494277,"FS","Kendrick Lewis"
2533039,"WR","Alshon Jeffery"
2540279,"WR","Nick Williams"
2560795,"CB","Avonte Maddox"
2530747,"WR","Doug Baldwin"
2558077,"SS","Lano Hill"
2543823,"CB","E.J. Gaines"
2535869,"WR","Rod Streater"
2557922,"QB","C.J. Beathard"
2532790,"WR","Travis Benjamin"
2558971,"CB","Greg Mabin"
2532431,"OLB","Craig Robertson"
2561317,"WR","Jawill Davis"
71407,"P","Thomas Morstead"
2541192,"SS","Chris Banjo"
2556931,"LS","Zach Wood"
2557906,"LB","Vince Biegel"
2559181,"DB","Justin Hardee"
2561206,"DB","J.T. Gray"
2533459,"ILB","Nate Stupar"
2560815,"DB","Kam Moore"
2561318,"ILB","Tae Davis"
2557862,"DE","Chris Wormley"
2561468,"RB","De'Lance Turner"
2559007,"WR","Tim White"
2535613,"ILB","L.J. Fort"
2553667,"TE","Matt LaCosse"
2552451,"DE","Shane Ray"
2558988,"CB","Lenzy Pipkins"
238498,"WR","Julian Edelman"
2539280,"DE","John Simon"
2559087,"CB","Arthur Maulet"
2533460,"RB","Robert Turbin"
2561131,"FS","George Odum"
2561149,"ILB","Matthew Adams"
2553817,"SS","Corey Moore"
2553562,"DB","Dean Marlowe"
2507374,"K","Stephen Hauschka"
2556526,"LS","Reid Ferguson"
2560840,"DT","Harrison Phillips"
2561574,"P","Corey Bojorquez"
2558066,"WR","Curtis Samuel"
2540152,"SS","Eric Reid"
2561624,"TE","Garrett Dickerson"
2553499,"WR","Damiere Byrd"
2533058,"OLB","Vontaze Burfict"
2552403,"TE","Nick O'Leary"
2558864,"TE","Mason Schreck"
2552321,"MLB","Stephone Anthony"
2560747,"TE","Hayden Hurst"
2508107,"CB","Jimmy Smith"
2557965,"DE","Myles Garrett"
2559270,"TE","Robert Tonyan"
2560883,"WR","Equanimeous St. Brown"
2558119,"SS","Josh Jones"
2556587,"CB","Cre'von LeBlanc"
2555542,"FS","Jordan Lucas"
2560808,"CB","Quenton Meeks"
2552272,"DE","Henry Anderson"
2561020,"DE","Bradley Chubb"
2553840,"TE","Brian Parker"
2555171,"ILB","Tyler Matakevich"
2495136,"ILB","Bruce Carter"
2560862,"RB","Jaylen Samuels"
2556443,"SS","Sharrod Neasman"
2505982,"QB","Matt Schaub"
2560897,"LB","Matthew Thomas"
2555394,"CB","Daryl Worley"
2532870,"DE","Melvin Ingram"
2532869,"FS","George Iloka"
2541741,"MLB","LaRoy Reynolds"
2558912,"WR","Victor Bolden"
2532789,"ILB","Mark Barron"
2558886,"TE","Darrell Daniels"
2534846,"CB","Neiko Thorpe"
2541388,"WR","Brice Butler"
2540291,"CB","Kayvon Webster"
2495466,"RB","Mark Ingram"
2556404,"WR","Maurice Harris"
2559385,"TE","Dan Arnold"
2532841,"WR","Michael Floyd"
2550542,"RB","Kapri Bibbs"
2533534,"DE","Olivier Vernon"
2555366,"CB","Deiondre' Hall"
2559260,"DB","Tre Sullivan"
2556456,"FS","Andrew Adams"
2541431,"FS","Kemal Ishmael"
2507843,"OLB","Vincent Rey"
2558786,"S","Brandon Wilson"
2560839,"CB","Darius Phillips"
2541696,"S","Jordan Dangerfield"
2561054,"WR","Damion Ratley"
2539335,"QB","Geno Smith"
2560756,"RB","Justin Jackson"
2560719,"CB","Brandon Facyson"
2557931,"CB","Cordrea Tankersley"
2553655,"FS","Anthony Harris"
238227,"FS","Mike Mitchell"
2543712,"SS","Terrence Brooks"
2559263,"TE","Tyrone Swoopes"
2560999,"LB","Shaquem Griffin"
2506352,"OLB","Thomas Davis"
2558138,"RB","Samaje Perine"
2556550,"CB","Josh Hawkins"
2559934,"DE","Justin Lawler"
925,"RB","Jamaal Charles"
2556543,"TE","David Grinnage"
2561324,"RB","Gus Edwards"
2552259,"CB","Josh Shaw"
2495140,"DE","Adrian Clayborn"
2552278,"DE","Trey Flowers"
2558924,"DT","Adam Butler"
2507948,"OLB","Frank Zombo"
2550289,"RB","David Fluellen"
2561521,"WR","Cameron Batson"
2555414,"DT","Willie Henry"
2543765,"DE","Brent Urban"
2556650,"DT","Michael Pierce"
2506546,"QB","Derek Anderson"
2530700,"WR","Dontrelle Inman"
2543739,"CB","Dontae Johnson"
2560838,"WR","Cam Phillips"
2552478,"TE","Blake Bell"
2543874,"FS","Andre Hal"
2561152,"RB","Dave Williams"
2555387,"QB","Cody Kessler"
2552425,"WR","Rashad Greene"
2558853,"CB","Mike Tyson"
2553554,"TE","Matt Lengel"
2555547,"CB","KeiVarae Russell"
2555262,"QB","Jeff Driskel"
2561383,"LB","Ben Niemann"
2561417,"CB","Charvarius Ward"
2560967,"RB","Kalen Ballage"
2552374,"RB","Ameer Abdullah"
2558165,"LB","Tarell Basham"
2560985,"WR","Deontay Burnett"
2508007,"CB","Marcus Sherels"
2555168,"MLB","Kentrell Brothers"
2543608,"CB","Dexter McDougle"
2552597,"WR","Breshad Perriman"
2561022,"LB","Jack Cichy"
2555307,"OLB","Devante Bond"
2550767,"CB","C.J. Goodwin"
2560948,"OLB","Trevon Young"
2558018,"DE","Solomon Thomas"
2559356,"CB","Dominique Hatfield"
2561060,"TE","Ross Dwelley"
2550198,"WR","Bennie Fowler"
2561001,"CB","Grant Haley"
2553719,"OLB","Josh Keyes"
2552602,"DT","Christian Covington"
2555388,"DT","D.J. Reader"
2558241,"OLB","Blair Brown"
2561041,"CB","Dee Delaney"
2553656,"QB","Taylor Heinicke"
2555546,"CB","Rashard Robinson"
2559287,"LB","Isaiah Irving"
2560724,"LB","Kylie Fitts"
2540176,"DE","William Gholston"
496780,"DE","Carlos Dunlap"
2556833,"CB","De'Vante Harris"
2561330,"HB","Jordan Franks"
2495252,"OLB","K.J. Wright"
497224,"TE","Ed Dickson"
2561261,"WR","Brandon Powell"
2559293,"DB","Dymonte Thomas"
2558129,"WR","Isaiah McKenzie"
2561461,"RB","Dontrell Hilliard"
2560819,"CB","Nick Nelson"
2560986,"LB","Jason Cabinda"
2532974,"OLB","Kyle Wilber"
2533538,"OLB","Chandler Jones"
2542009,"DE","Benson Mayowa"
2553437,"DT","Rodney Gunter"
2555336,"DT","Robert Nkemdiche"
2556655,"DB","Tyvis Powell"
2558273,"RB","T.J. Logan"
2553583,"DT","Olsen Pierre"
2561207,"FS","Raven Greene"
2560731,"DE","John Franklin-Myers"
496790,"DE","Everson Griffen"
496802,"DT","Linval Joseph"
2506779,"DT","Tom Johnson"
2555529,"DE","Stephen Weatherly"
2535867,"ILB","Julian Stanford"
496961,"OLB","Dekoda Watson"
2558979,"QB","Nick Mullens"
2543497,"QB","AJ McCarron"
2555464,"RB","DeAndre Washington"
2561006,"FS","Marcell Harris"
2558167,"QB","Joshua Dobbs"
2558975,"WR","Taquan Mizzell"
2507731,"LS","Garrison Sanborn"
2533000,"P","Bryan Anger"
2558923,"LB","Riley Bullough"
2531080,"OLB","Ben Jacobs"
2555270,"OLB","Carl Nassib"
2553736,"DB","Denzel Rice"
2558289,"LB","Tanner Vallejo"
2561278,"CB","Tavierre Thomas"
2557934,"RB","Elijah McGuire"
2561147,"CB","Cornell Armstrong"
2561482,"WR","Chad Beebe"
2556569,"WR","Andy Jones"
2555240,"DE","Matthew Ioannidis"
2557872,"DE","Takkarist McKinley"
2555345,"DB","Su'a Cravens"
2560976,"LB","Keishawn Bierria"
2559485,"WR","River Cracraft"
2543571,"CB","Bashaud Breeland"
2543650,"OLB","Aaron Lynch"
2553631,"RB","Zach Zenner"
2561224,"WR","Keith Kirkwood"
2495184,"DE","Cameron Jordan"
2560890,"WR","Auden Tate"
2556118,"RB","Dwayne Washington"
2533542,"CB","Josh Robinson"
2543465,"QB","Teddy Bridgewater"
2555215,"WR","Leonte Carroo"
2522602,"LS","Matt Overton"
2539230,"NT","Abry Jones"
2553833,"K","Josh Lambo"
2561161,"P","Logan Cooke"
2561272,"WR","Trent Sherfield"
2550257,"SS","Daniel Sorensen"
71435,"TE","John Phillips"
2560914,"CB","Levi Wallace"
2505076,"QB","Josh McCown"
2539308,"QB","Matt Barkley"
2541848,"OLB","Deon Lacey"
2542246,"P","Colton Schmidt"
2556714,"DE","Eddie Yarbrough"
2540287,"FS","Rontez Miles"
2556614,"LB","Cassanova McKinzy"
81294,"QB","Brian Hoyer"
2552313,"MLB","Hayes Pullard"
2558091,"WR","Noah Brown"
2560887,"CB","Chandon Sullivan"
2555333,"WR","Corey Coleman"
2557987,"RB","Matt Dayes"
2561671,"WR","Malik Turner"
2558274,"FS","Shalom Luani"
2558144,"TE","Adam Shaheen"
2561527,"CB","Mike Ford"
79583,"DT","Ricky Jean Francois"
2535718,"DT","Damon Harrison"
2552375,"RB","Cameron Artis-Payne"
2530474,"DE","Mario Addison"
2540159,"MLB","Kevin Minter"
2560847,"WR","Trey Quinn"
2556841,"RB","Byron Marshall"
497123,"QB","Colt McCoy"
2560961,"WR","Marcell Ateman"
2532878,"CB","Leonard Johnson"
2561300,"WR","Saeed Blacknall"
2550364,"LS","Casey Kreiter"
2559200,"LB","Joe Jones"
2560944,"P","Colby Wadman"
2553877,"ILB","Nick Dzubnar"
2558303,"CB","Jeff Richards"
2559197,"LB","Tre'Von Johnson"
2553790,"CB","DeVante Bausby"
2552396,"TE","Ben Koyack"
2561003,"LB","Shaun Dion Hamilton"
2558112,"HB","Brian Hill"
2556805,"WR","Johnny Holton"
2558950,"WR","Keon Hatcher"
2541302,"DT","Brandon Williams"
2495228,"DE","Jabaal Sheard"
2539310,"DT","Margus Hunt"
2550646,"DT","Denico Autry"
2560791,"DT","Tyquan Lewis"
2558189,"DB","Obi Melifonwu"
2550313,"TE","Richard Rodgers"
2560938,"RB","Jeff Wilson"
2540170,"CB","David Amerson"
2508109,"DT","Cameron Heyward"
2550545,"K","Chris Boswell"
2553348,"P","Jordan Berry"
2556421,"LS","Kameron Canaday"
2506969,"P","Sam Koch"
2508008,"LS","Morgan Cox"
2533033,"QB","Robert Griffin III"
2555419,"WR","Pharoh Cooper"
2553548,"WR","Jake Kumerow"
2532928,"SS","Eddie Pleasant"
2552273,"OLB","Markus Golden"
2558071,"WR","Isaiah Ford"
2558097,"ILB","Ukeme Eligwe"
2552427,"CB","Tony Lippett"
2560950,"OLB","Ola Adeniyi"
2560956,"DB","Marcus Allen"
2559013,"WR","Bobo Wilson"
2559066,"WR","Gehrig Dieter"
89758,"DT","Clinton McDonald"
2556440,"RB","J.D. McKissic"
2561644,"CB","Adonis Alexander"
79858,"QB","Mark Sanchez"
2540163,"NT","Bennie Logan"
2552326,"DT","Darius Kilgo"
2556368,"NT","Austin Johnson"
2561042,"LB","Nick DeLuca"
2543717,"OLB","Jeremiah Attaochu"
2553900,"TE","Daniel Brown"
2533433,"DT","Akiem Hicks"
2555335,"DE","Jonathan Bullard"
2560821,"DT","Bilal Nichols"
2555545,"S","Will Redmond"
2560935,"RB","Darrel Williams"
2532797,"RB","Brandon Bolden"
2561316,"CB","Jalen Davis"
264,"QB","Josh Johnson"
2560786,"QB","Kyle Lauletta"
2560762,"LB","Malik Jefferson"
2558284,"LB","Pita Taumoepenu"
2561279,"WR","Jalen Tolliver"
2561283,"LB","Zeke Turner"
2495229,"MLB","Kelvin Sheppard"
2552408,"TE","Darren Waller"
496723,"SS","Eric Berry"
2550268,"RB","Charcandrick West"
2550242,"DT","Mike Pennel"
2560743,"LB","Jeff Holland"
2556371,"CB","Brandon Williams"
2539275,"QB","Mike Glennon"
2551359,"TE","Jerome Cunningham"
2559880,"RB","Keith Ford"
2561107,"LB","Corey Thompson"
2543503,"DE","Trent Murphy"
2555218,"FB","Danny Vitale"
2558858,"CB","Joshua Holsey"
2561329,"TE","Matt Flanagan"
2541135,"FS","Cody Davis"
2495485,"DE","Robert Quinn"
2550365,"S","Kenny Ladler"
2553737,"WR","Eli Rogers"
2559163,"RB","Justin Davis"
2560777,"RB","John Kelly"
2553442,"OLB","D.J. Alexander"
2559141,"MLB","B.J. Bello"
2505010,"DE","Julius Peppers"
2539296,"DT","Kawann Short"
2507837,"NT","Kyle Love"
2559037,"ILB","Ahmad Thomas"
2552317,"MLB","Mike Hull"
2561177,"QB","Kyle Allen"
496796,"DE","Jerry Hughes"
2557994,"RB","D'Onta Foreman"
2555427,"QB","Nate Sudfeld"
2555486,"TE","Temarrick Hemingway"
2560779,"DE","Arden Key"
2561403,"WR","Da'Mari Scott"
2506931,"DT","Kyle Williams"
2505801,"LS","Don Muhlbach"
2506677,"K","Matt Prater"
2541311,"P","Sam Martin"
2560783,"WR","Chris Lacy"
2560787,"WR","Allen Lazard"
2561585,"DB","Dallin Leavitt"
252,"QB","Chad Henne"
2558819,"CB","Derrick Jones"
2552397,"TE","Clive Walford"
2557850,"RB","De'Angelo Henderson Sr."
2556530,"WR","Mose Frazier"
2535890,"RB","Travaris Cadet"
2560875,"LB","Andre Smith"
2549982,"QB","Garrett Gilbert"
2556273,"RB","Darius Jackson"
2556672,"WR","Alonzo Russell"
2550647,"OLB","Kasim Edebali"
2552379,"RB","Jeremy Langford"
496816,"DT","Gerald McCoy"
496843,"OLB","Jason Pierre-Paul"
2532825,"DE","Vinny Curry"
2560909,"DT","Vita Vea"
2560716,"TE","Donnie Ernsberger"
2561359,"WR","Darvin Kidsy"
2561394,"DB","Jeremy Reaves"
2541903,"P","Tress Way"
2543725,"LB","Marcus Smith"
2553798,"LS","Andrew East"
2556814,"WR","Max McCaffrey"
2552576,"QB","Sean Mannion"
2561469,"CB","Darious Williams"
2558095,"WR","Malachi Dupre"
2577367,"C","Connor McGovern"
3116110,"G","Alex Lewis"
3701582,"T","Chuma Edoga"
2583951,"T","George Fant"
15718,"G","Greg Van Roten"
4035662,"T","Garrett Bolles"
13050,"T","Demar Dotson"
2576245,"G","Graham Glasgow"
3125082,"G","Dalton Risner"
4035448,"C","Lloyd Cushenberry"
2507667,"G","Nick Easton"
2978278,"G","Andrus Peat"
3917331,"C","Erik McCoy"
3917676,"T","Ryan Ramczyk"
15821,"T","Terron Armstead"
3052513,"T","Sam Tevi"
4411189,"T","Trey Pipkins"
2979482,"G","Dan Feeney"
2981439,"G","Forrest Lamp"
17063,"C","Ryan Groy"
3054842,"G","Bradley Bozeman"
2576733,"C","Matt Skura"
4242247,"G","Tyre Phillips"
3116370,"T","Orlando Brown Jr."
2980153,"T","Ronnie Stanley"
15790,"T","Eric Fisher"
15422,"G","Mike Remmers"
14951,"T","Mitchell Schwartz"
14957,"G","Kelechi Osmele"
2514816,"C","Austin Reiter"
13802,"C","Ben Garland"
2512477,"G","Laken Tomlinson"
2976117,"G","Daniel Brunskill"
3052885,"T","Mike McGlinchey"
13241,"T","Trent Williams"
4044438,"G","Nate Herbig"
3055886,"G","Matt Pryor"
4334215,"T","Jordan Mailata"
15797,"T","Lane Johnson"
14124,"C","Jason Kelce"
16759,"T","Billy Turner"
15963,"T","David Bakhtiari"
3115485,"G","Elgton Jenkins"
2576736,"G","Lucas Patrick"
16864,"C","Corey Linsley"
16713,"T","Jake Matthews"
3127304,"T","Kaleb McGary"
13993,"G","James Carpenter"
3672833,"G","Chris Lindstrom"
12616,"c","Alex Mack"
3042738,"C","Ethan Pocic"
11260,"T","Duane Brown"
2577690,"T","Brandon Shell"
2971614,"G","Jordan Simmons"
4362647,"G","Damien Lewis"
3123954,"T","Brian O'Neill"
14930,"T","Riley Reiff"
3821678,"G","Dru Samia"
16861,"G","Dakota Dozier"
3116729,"C","Garrett Bradbury"
2562718,"QB","Brett Rypien"
2563921,"QB","Justin Herbert"
